Top queries,Clicks,Impressions,CTR,Position
base64 decode,0,7,0%,86
base64 encoder,0,5,0%,82.6
decode base64 encoding,0,5,0%,86.2
base64 decoder,0,5,0%,90.2
how to decode base64,0,4,0%,86.5
base64 vs hex encoding,0,3,0%,60.33
base64 hex,0,3,0%,70.67
decode base64,0,3,0%,80.67
decode to base64,0,3,0%,85.67
decode base64 string,0,3,0%,87.67
powershell decode base64,0,2,0%,41
base64 to hexadecimal,0,2,0%,61
base64url,0,2,0%,71
code 64 decode,0,2,0%,71.5
python decode base64,0,2,0%,71.5
decode base64 decode,0,2,0%,77.5
decode base64 file,0,2,0%,79.5
hex64,0,2,0%,79.5
decode encode base64,0,2,0%,81
decode string base64,0,2,0%,82
base64 string decode,0,2,0%,83
base64 decoding,0,2,0%,83.5
b64 decode,0,2,0%,84.5
base64 encoding decoding,0,2,0%,85
decoding base64,0,2,0%,85.5
base 64,0,2,0%,86
base64 decode string,0,2,0%,91.5
how to base64 decode,0,2,0%,94.5
browser.html,0,1,0%,4
base64 go,0,1,0%,6
powershell base64 decode string,0,1,0%,7
base64 decode powershell,0,1,0%,9
decode base64 in powershell,0,1,0%,9
live encoder,0,1,0%,12
base64 hexadecimal,0,1,0%,23
hextobase64,0,1,0%,38
b64 to hex,0,1,0%,49
png base64 converter,0,1,0%,60
base64url decoder,0,1,0%,61
powershell base64 decode,0,1,0%,61
convert base64 to hexadecimal,0,1,0%,62
base64 to hex,0,1,0%,63
convert png to base64,0,1,0%,63
base 64 to hex,0,1,0%,64
python base64 decode,0,1,0%,66
decode base64 python,0,1,0%,68
png base64,0,1,0%,69
base64 encoder decoder,0,1,0%,71
hex to base-64,0,1,0%,72
base64 characters,0,1,0%,74
base64 encoder and decoder,0,1,0%,74
base64 url,0,1,0%,75
code 64 decoder,0,1,0%,76
decode bas64,0,1,0%,76
64 encoder,0,1,0%,77
base64 decryption,0,1,0%,77
base64 encoded url,0,1,0%,77
decrypt base64 string,0,1,0%,77
base64 in url,0,1,0%,78
golang base64,0,1,0%,80
base54 decode,0,1,0%,82
base64 decode bytes,0,1,0%,82
decrypt base64,0,1,0%,83
base 64 decode,0,1,0%,84
base64 encoding,0,1,0%,84
decryption base64,0,1,0%,84
encode decode base64,0,1,0%,84
base64 --decode,0,1,0%,86
base64 decode to string,0,1,0%,86
base64 decorder,0,1,0%,86
base64 decodestring,0,1,0%,88
base64 string decoder,0,1,0%,89
decode base64 to string,0,1,0%,89
base64,0,1,0%,90
decode 64 base,0,1,0%,90
base 64 decoder,0,1,0%,94
string base64,0,1,0%,94
base64 encode decode,0,1,0%,96
base-64,0,1,0%,97